<?xml version="1.0" encoding="utf-8"?>
<odoo>
    <data noupdate="1">

        <!-- #########  Groups #######  -->

        <record model="ir.module.category" id="module_backend_dashboard">
            <field name="name">Iframe Dashboard</field>
            <field name="description">Helps you handle your quotations, sale orders and invoicing.</field>
            <field name="sequence">2</field>
        </record>

        <record id="group_dashboard_user" model="res.groups">
            <field name="name">User</field>
            <field name="category_id" ref="module_backend_dashboard"/>
            <field name="implied_ids" eval="[(4, ref('base.group_user'))]"/>
            <field name="comment">the user will have access to his own dashboard.</field>
        </record>

        <record id="group_dashboard_manager" model="res.groups">
            <field name="name">Manager</field>
            <field name="comment">the user will have an access to all dashboards.</field>
            <field name="category_id" ref="module_backend_dashboard"/>
            <field name="implied_ids" eval="[(4, ref('group_dashboard_user'))]"/>
            <field name="users"
                   eval="[(4, ref('base.user_root')), (4, ref('base.user_admin'))]"/>
        </record>

        <!-- #########  Rules #######  -->

        <record id="dashboard_personal_rule" model="ir.rule">
            <field name="name">Personal Dashboard</field>
            <field ref="backend_iframe.model_backend_dashboard" name="model_id"/>
            <field name="domain_force">['|',('user_id','=',user.id),('user_id','=',False)]</field>
            <field name="groups" eval="[(4, ref('group_dashboard_user'))]"/>
        </record>

        <record id="dashboard_see_all" model="ir.rule">
            <field name="name">All Dashboard</field>
            <field ref="backend_iframe.model_backend_dashboard" name="model_id"/>
            <field name="domain_force">[(1,'=',1)]</field>
            <field name="groups" eval="[(4, ref('group_dashboard_manager'))]"/>
        </record>


    </data>
</odoo>