<odoo>
    <record forcecreate="True" id="ir_cron_odoo_connector_scheduler" model="ir.cron">
        <field name="name">Odoo Connector Scheduler</field>
        <field name="model_id" ref="model_odoo_connector"/>
        <field name="state">code</field>
        <field name="code">model.daily_script()</field>
        <field name="user_id" ref="base.user_root"/>
        <field name="interval_number">1</field>
        <field name="interval_type">days</field>
        <field name="numbercall">-1</field>
        <field name="nextcall" eval="(DateTime.now() + timedelta(days=1)).strftime('%Y-%m-%d 11:00:00')" />
        <field eval="False" name="doall"/>
    </record>
</odoo>