<?xml version="1.0" encoding="utf-8" ?>
<odoo>
    <record id="group_connector_search_engine_user" model="res.groups">
        <field name="name">Search Engine Connector User</field>
        <field name="users" eval="[Command.link(ref('base.user_root'))]" />
    </record>

    <record id="group_connector_search_engine_manager" model="res.groups">
        <field name="name">Search Engine Connector Manager</field>
        <field name="users" eval="[Command.link(ref('base.user_root'))]" />
        <field
            name="implied_ids"
            eval="[Command.link(ref('group_connector_search_engine_user'))]"
        />
    </record>

</odoo>
