<?xml version="1.0" encoding="utf-8" ?>
<!-- Copyright 2019 ACSONE SA/NV
     License AGPL-3.0 or later (http://www.gnu.org/licenses/agpl). -->
<odoo>
    <record model="ir.model.access" id="se_index_config_manage">
        <field name="name">se.index.config manage</field>
        <field name="model_id" ref="model_se_index_config" />
        <field name="group_id" ref="group_connector_search_engine_manager" />
        <field name="perm_read" eval="1" />
        <field name="perm_create" eval="1" />
        <field name="perm_write" eval="1" />
        <field name="perm_unlink" eval="1" />
    </record>
</odoo>
